{
    "Ar36": {
        "error": 0.0019354284228898645, 
        "filter_outliers_dict": {
            "filter_outliers": true, 
            "iterations": 1, 
            "std_devs": 2
        }, 
        "fit": "Linear", 
        "value": 0.16070236694103762
    }, 
    "Ar37": {
        "error": 0.022313655702035105, 
        "filter_outliers_dict": {
            "filter_outliers": true, 
            "iterations": 1, 
            "std_devs": 2
        }, 
        "fit": "linear", 
        "value": 0.15152274461364282
    }, 
    "Ar38": {
        "error": 0.010388800616622645, 
        "filter_outliers_dict": {
            "filter_outliers": true, 
            "iterations": 1, 
            "std_devs": 2
        }, 
        "fit": "linear", 
        "value": 0.7168803258339012
    }, 
    "Ar39": {
        "error": 0.030192181082544123, 
        "filter_outliers_dict": {
            "filter_outliers": true, 
            "iterations": 1, 
            "std_devs": 2
        }, 
        "fit": "Linear", 
        "value": 51.30352656371544
    }, 
    "Ar40": {
        "error": 0.1928355243801199, 
        "filter_outliers_dict": {
            "filter_outliers": true, 
            "iterations": 1, 
            "std_devs": 2
        }, 
        "fit": "Linear", 
        "value": 2505.007657173631
    }, 
    "Ar41": {
        "error": 0.004724034142142947, 
        "filter_outliers_dict": {
            "filter_outliers": true, 
            "iterations": 1, 
            "std_devs": 2
        }, 
        "fit": "Average", 
        "value": 0.17185911023040562
    }
}